,Player Name,Team,Games,Innings Pitched,Starts,Quality Starts,Quality Start %,K/BB,K/9IP,BB/9IP,HR/9IP,Batting Avg on Balls IP,Strand Rate,FB VLO,ERA,Fielding Ind Pitching
0,Clayton Kershaw,LAD,15,115.0,15,14,93.3,20.14,11.03,0.55,0.47,0.259,80.3,93.0,1.57,1.61
1,Johnny Cueto,SF,15,109.3,15,13,86.7,4.57,7.9,1.73,0.25,0.283,79.0,91.4,2.06,2.4
2,Madison Bumgarner,SF,16,108.3,16,14,87.5,4.21,10.14,2.41,0.83,0.279,86.0,90.9,1.99,2.98
3,Zack Greinke,ARI,16,107.3,16,10,62.5,4.24,7.46,1.76,1.01,0.296,72.1,91.3,3.61,3.6
4,Max Scherzer,WAS,16,107.3,16,11,68.8,4.93,11.57,2.35,1.68,0.264,74.7,94.2,3.52,3.86
5,Julio Teheran,ATL,16,106.0,16,10,62.5,4.13,8.41,2.04,1.1,0.222,80.2,90.5,2.46,3.63
6,Chris Sale,CWS,15,105.0,15,11,73.3,4.86,8.74,1.8,0.94,0.271,76.3,92.9,2.83,3.24
7,Steven Wright,BOS,15,103.0,15,12,80.0,2.15,7.34,3.41,0.44,0.261,82.1,83.3,2.18,3.37
8,Corey Kluber,CLE,15,102.7,15,9,60.0,4.68,9.03,1.93,0.7,0.284,65.6,92.3,3.59,2.87
9,David Price,BOS,16,102.0,16,11,68.8,4.58,9.71,2.12,1.24,0.326,64.5,92.4,4.68,3.56
10,Dallas Keuchel,HOU,16,101.0,16,7,43.8,2.87,7.93,2.76,1.16,0.338,64.1,88.3,5.35,4.06
11,Justin Verlander,DET,15,100.0,15,11,73.3,3.92,9.18,2.34,1.08,0.277,68.4,92.7,3.78,3.53
12,Jon Lester,CHC,15,98.7,15,13,86.7,4.3,9.03,2.1,0.91,0.269,85.4,92.1,2.1,3.23
13,Masahiro Tanaka,NYY,15,98.7,15,10,66.7,4.17,6.84,1.64,0.73,0.272,73.4,90.2,3.01,3.3
14,John Lackey,CHC,15,98.3,15,12,80.0,3.78,9.34,2.47,0.92,0.27,71.7,91.8,3.29,3.3
15,Jake Arrieta,CHC,15,98.0,15,10,66.7,3.06,9.83,3.21,0.28,0.255,82.8,94.1,1.74,2.52
16,Colby Lewis,TEX,15,98.0,15,12,80.0,3.21,5.6,1.74,1.19,0.24,74.7,87.4,3.21,4.28
17,Jose Quintana,CWS,15,97.7,15,11,73.3,3.67,8.11,2.21,0.55,0.309,75.0,92.0,3.04,2.96
18,Jeff Samardzija,SF,15,97.7,15,9,60.0,3.5,7.1,2.03,1.2,0.282,74.0,94.2,3.59,4.05
19,Aaron Sanchez,TOR,15,97.3,15,12,80.0,2.91,8.6,2.96,0.83,0.311,76.3,94.7,3.33,3.51
20,Cole Hamels,TEX,15,96.7,15,11,73.3,2.57,8.84,3.44,1.4,0.271,85.4,92.1,2.79,4.44
21,Marcus Stroman,TOR,15,96.3,15,8,53.3,2.48,6.26,2.52,0.84,0.322,62.1,92.0,5.23,3.89
22,R.A. Dickey,TOR,16,95.7,16,7,43.8,1.94,6.21,3.2,1.6,0.272,74.5,82.0,4.23,5.23
23,Hisashi Iwakuma,SEA,15,95.0,15,7,46.7,3.13,6.82,2.18,1.61,0.31,73.0,87.9,4.45,4.76
24,Chris Tillman,BAL,16,94.7,16,9,56.3,2.67,8.37,3.14,1.24,0.278,76.5,91.9,3.52,4.21
25,J.A. Happ,TOR,15,94.7,15,11,73.3,2.2,6.27,2.85,1.14,0.261,76.2,91.7,3.42,4.44
26,Brandon Finnegan,CIN,16,94.0,16,9,56.3,1.52,6.41,4.21,1.15,0.256,75.0,91.8,3.83,4.89
27,Rick Porcello,BOS,15,94.0,15,9,60.0,4.5,7.76,1.72,1.24,0.289,69.9,90.1,3.93,3.87
28,Jeremy Hellickson,PHI,16,93.7,16,8,50.0,3.5,8.07,2.31,1.54,0.294,71.7,90.1,4.23,4.42
29,Marco Estrada,TOR,14,93.3,14,11,78.6,2.27,8.1,3.57,1.06,0.194,78.8,88.4,2.7,4.16
30,Tanner Roark,WAS,15,93.3,15,10,66.7,2.65,7.91,2.99,0.68,0.295,75.7,92.1,3.18,3.45
31,Stephen Strasburg,WAS,14,93.0,14,10,71.4,4.92,11.42,2.32,0.97,0.311,77.5,95.0,2.9,2.86
32,Edinson Volquez,KC,16,92.7,16,8,50.0,2.03,7.09,3.5,0.97,0.321,65.6,93.4,5.15,4.23
33,Chris Archer,TB,16,92.0,16,8,50.0,2.77,10.57,3.82,1.57,0.337,72.4,94.1,4.7,4.43
34,Adam Wainwright,STL,15,91.3,15,10,66.7,2.6,6.41,2.46,0.79,0.311,64.3,90.3,4.73,3.76
35,Patrick Corbin,ARI,15,91.3,15,8,53.3,2.34,6.7,2.86,1.28,0.31,70.2,91.5,4.63,4.55
36,Mike Leake,STL,15,91.0,15,8,53.3,3.69,5.84,1.58,1.38,0.296,70.7,90.8,4.25,4.45
37,Noah Syndergaard,NYM,15,91.0,14,12,85.7,9.17,10.88,1.19,0.49,0.332,81.2,98.1,2.08,1.91
38,Ricky Nolasco,MIN,15,91.0,15,6,40.0,4.11,7.32,1.78,1.09,0.34,65.2,90.8,4.95,3.76
39,Jerad Eickhoff,PHI,15,91.0,15,10,66.7,3.67,7.62,2.08,1.09,0.3,76.5,91.1,3.36,3.79
40,Martin Perez,TEX,15,90.7,15,10,66.7,1.15,4.47,3.87,0.79,0.273,76.3,92.8,3.57,4.69
41,Jimmy Nelson,MIL,15,90.0,15,8,53.3,1.86,6.9,3.7,1.2,0.283,76.4,93.1,3.8,4.67
42,Jordan Zimmermann,DET,14,89.7,14,8,57.1,3.56,5.72,1.61,0.8,0.3,70.0,91.9,3.81,3.64
43,Jeff Locke,PIT,15,89.7,15,9,60.0,1.64,4.62,2.81,1.2,0.286,64.9,91.4,5.12,4.88
44,Matt Wisler,ATL,15,89.7,14,10,71.4,2.35,6.12,2.61,1.3,0.267,69.8,92.7,4.22,4.62
45,Jake Odorizzi,TB,16,89.3,16,6,37.5,2.96,8.36,2.82,1.51,0.281,74.5,91.3,3.93,4.5
46,Carlos Martinez,STL,14,89.3,14,9,64.3,2.33,7.05,3.02,0.6,0.251,73.6,95.7,3.02,3.55
47,Jered Weaver,LAA,15,89.3,15,7,46.7,2.32,5.14,2.22,1.91,0.305,70.0,82.5,5.24,5.59
48,Matt Moore,TB,15,89.3,15,6,40.0,3.23,8.46,2.62,1.61,0.323,67.9,92.8,5.04,4.55
49,Drew Pomeranz,SD,15,88.0,15,9,60.0,2.62,10.43,3.99,0.82,0.262,79.1,90.0,2.76,3.44
50,Jon Niese,PIT,15,87.7,15,7,46.7,2.03,6.47,3.18,1.85,0.305,73.2,89.2,4.93,5.53
51,Michael Wacha,STL,15,87.7,15,9,60.0,2.34,7.7,3.29,0.72,0.317,67.9,93.1,4.41,3.66
52,Jose Fernandez,MIA,14,87.7,14,9,64.3,4.63,12.83,2.77,0.51,0.31,78.0,94.9,2.36,2.04
53,Aaron Nola,PHI,15,87.7,15,10,66.7,4.32,9.75,2.26,0.92,0.33,68.0,90.2,4.11,3.15
54,Doug Fister,HOU,14,87.0,14,11,78.6,1.96,5.69,2.9,1.14,0.255,78.5,86.6,3.21,4.58
55,Kenta Maeda,LAD,15,86.7,15,8,53.3,3.19,8.62,2.7,0.83,0.278,77.3,89.9,2.91,3.41
56,Danny Salazar,CLE,14,86.3,14,8,57.1,2.3,10.32,4.48,0.63,0.257,81.7,94.8,2.4,3.35
57,Wei-Yin Chen,MIA,15,86.3,15,8,53.3,3.79,7.51,1.98,1.67,0.307,66.3,90.4,5.0,4.62
58,Gio Gonzalez,WAS,15,85.7,15,8,53.3,3.14,9.25,2.94,0.95,0.342,66.7,90.1,4.73,3.52
59,Tyler Chatwood,COL,14,85.7,14,9,64.3,1.83,5.57,3.05,0.63,0.271,75.8,91.7,3.15,3.92
60,Matt Harvey,NYM,15,85.3,15,7,46.7,3.14,7.28,2.32,0.84,0.339,67.3,94.4,4.64,3.6
61,Dan Straily,CIN,16,84.7,13,7,53.8,1.95,7.65,3.93,0.96,0.241,70.0,89.5,3.83,4.24
62,Kyle Hendricks,CHC,14,84.7,14,7,50.0,3.39,8.29,2.44,0.74,0.258,75.9,87.4,2.76,3.27
63,Drew Smyly,TB,14,84.7,14,6,42.9,4.95,9.99,2.02,1.7,0.31,65.5,90.3,4.78,4.13
64,Chad Bettis,COL,15,84.3,15,7,46.7,3.3,7.04,2.13,1.28,0.346,64.9,91.8,5.44,4.22
65,Trevor Bauer,CLE,17,84.3,11,8,72.7,2.93,8.43,2.88,0.64,0.29,73.9,93.3,3.2,3.24
66,Collin McHugh,HOU,15,84.3,15,6,40.0,3.76,8.43,2.24,1.17,0.359,70.0,89.9,4.7,3.79
67,Tom Koehler,MIA,15,84.0,15,8,53.3,1.54,7.61,4.93,0.64,0.306,73.1,91.9,4.07,4.14
68,Joe Ross,WAS,14,84.0,14,9,64.3,2.8,7.5,2.68,0.86,0.283,76.9,92.8,3.11,3.69
69,Mike Fiers,HOU,15,83.7,14,6,42.9,3.29,6.02,1.83,1.4,0.316,72.0,89.6,4.41,4.51
70,Scott Kazmir,LAD,15,83.7,15,6,40.0,2.72,9.36,3.44,1.51,0.297,70.5,91.4,4.52,4.48
71,Adam Conley,MIA,15,83.3,15,6,40.0,2.17,8.21,3.78,0.65,0.306,74.3,91.4,3.56,3.61
72,Michael Pineda,NYY,15,83.3,15,7,46.7,4.8,10.37,2.16,1.51,0.377,64.4,93.7,5.51,3.82
73,Jaime Garcia,STL,14,82.3,14,6,42.9,2.56,7.54,2.95,0.66,0.318,71.8,90.4,3.83,3.49
74,Ian Kennedy,KC,14,81.7,14,5,35.7,2.64,8.16,3.09,1.98,0.26,75.9,91.9,4.19,5.32
75,Jason Hammel,CHC,14,81.3,14,8,57.1,2.68,7.41,2.77,0.89,0.253,81.3,92.0,2.55,3.78
76,Carlos Rodon,CWS,14,81.3,14,8,57.1,2.83,9.07,3.21,1.22,0.355,76.4,92.9,4.09,4.05
77,Matt Shoemaker,LAA,14,81.3,14,8,57.1,4.94,9.3,1.88,1.22,0.343,68.8,91.5,4.43,3.54
78,Josh Tomlin,CLE,13,81.3,13,9,69.2,7.57,5.86,0.77,1.66,0.272,79.5,87.6,3.32,4.56
79,Nate Karns,SEA,15,81.0,15,5,33.3,2.21,9.33,4.22,0.89,0.333,70.0,93.0,4.56,3.86
80,Bartolo Colon,NYM,15,81.0,14,8,57.1,4.31,6.22,1.44,0.89,0.303,78.4,87.9,3.0,3.6
81,Jacob deGrom,NYM,13,81.0,13,10,76.9,4.05,8.56,2.11,0.67,0.304,78.8,93.0,2.67,2.99
82,Nathan Eovaldi,NYY,14,80.7,14,6,42.9,3.33,7.81,2.34,1.45,0.323,66.7,97.0,5.02,4.37
83,Mike Pelfrey,DET,15,80.7,14,3,21.4,1.29,4.46,3.46,1.34,0.334,74.4,92.5,4.91,5.33
84,Robbie Ray,ARI,15,80.3,15,6,40.0,2.66,10.42,3.92,1.34,0.366,74.1,93.6,4.59,4.18
85,Hector Santiago,LAA,15,79.3,15,6,40.0,2.09,7.6,3.63,1.7,0.263,67.0,91.9,4.99,5.22
86,Jake Peavy,SF,15,79.3,15,7,46.7,2.63,7.15,2.72,0.91,0.335,63.8,88.8,5.22,3.86
87,Yordano Ventura,KC,14,79.3,14,7,50.0,1.64,6.69,4.08,1.13,0.289,70.9,95.4,4.54,4.76
88,Francisco Liriano,PIT,14,78.3,14,5,35.7,1.63,9.19,5.63,1.61,0.316,72.8,92.3,5.17,5.42
89,Ervin Santana,MIN,14,77.7,14,6,42.9,2.39,6.37,2.67,1.27,0.322,71.3,92.5,4.64,4.54
90,Colin Rea,SD,15,76.7,14,5,35.7,1.85,7.16,3.87,0.82,0.308,64.7,92.1,5.05,4.13
91,Steven Matz,NYM,13,76.7,13,8,61.5,4.87,8.57,1.76,0.7,0.328,74.1,93.4,3.29,2.92
92,Wade Miley,SEA,13,76.7,13,4,30.8,2.42,6.81,2.82,1.53,0.304,65.6,90.3,5.28,4.86
93,Taijuan Walker,SEA,14,75.7,14,6,42.9,4.12,8.33,2.02,1.67,0.284,79.7,94.1,3.45,4.45
94,Kevin Gausman,BAL,13,75.7,13,7,53.8,3.83,8.21,2.14,1.43,0.314,75.0,94.8,3.93,4.18
95,Kendall Graveman,OAK,14,75.0,14,5,35.7,2.0,6.24,3.12,1.44,0.32,73.3,91.9,4.68,4.97
96,Zach Davies,MIL,13,74.7,13,6,46.2,3.1,7.83,2.53,1.08,0.285,72.2,89.3,3.74,3.9
97,Chase Anderson,MIL,14,73.7,14,4,28.6,2.86,7.33,2.57,1.95,0.278,66.7,90.9,5.13,5.28
98,Tyler Wilson,BAL,14,73.0,11,6,54.5,2.35,4.93,2.1,0.99,0.278,67.9,89.4,4.19,4.25
99,Sonny Gray,OAK,13,72.7,13,6,46.2,2.14,7.43,3.47,1.36,0.323,68.0,92.8,5.2,4.71
100,Derek Holland,TEX,14,72.7,14,7,50.0,1.72,5.33,3.1,1.24,0.296,65.6,91.8,5.2,4.87
101,Anibal Sanchez,DET,18,71.3,12,1,8.3,1.73,7.19,4.16,2.02,0.307,67.0,90.9,6.06,5.95
102,Ubaldo Jimenez,BAL,15,71.0,14,4,28.6,1.56,8.11,5.2,1.01,0.395,63.8,89.8,6.97,4.65
103,Clay Buchholz,BOS,16,71.0,11,3,27.3,1.58,6.21,3.93,1.77,0.267,62.8,91.8,5.83,5.74
104,CC Sabathia,NYY,12,69.7,12,8,66.7,2.03,7.62,3.75,0.39,0.297,79.3,89.1,2.71,3.36
105,Jon Gray,COL,12,69.3,12,8,66.7,3.13,9.74,3.12,1.17,0.301,63.2,95.3,4.8,3.8
106,Gerrit Cole,PIT,12,68.3,12,8,66.7,2.75,7.24,2.63,0.4,0.327,79.3,95.2,2.77,3.07
107,James Shields,SD,11,67.3,11,8,72.7,2.11,7.62,3.61,1.2,0.311,73.6,90.3,4.28,4.49
108,Wily Peralta,MIL,13,66.0,13,2,15.4,1.56,5.73,3.68,1.64,0.371,67.0,94.3,6.68,5.56
109,Mike Wright,BAL,13,64.7,12,4,33.3,1.92,6.4,3.34,1.67,0.309,62.4,93.0,6.12,5.34
110,Ivan Nova,NYY,15,64.3,9,2,22.2,3.38,6.16,1.82,1.68,0.318,67.5,92.2,5.18,4.88
111,Rich Hill,OAK,11,64.0,11,8,72.7,3.08,10.41,3.38,0.28,0.302,80.0,90.3,2.25,2.46
112,Michael Fulmer,DET,11,63.7,11,5,45.5,2.5,8.48,3.39,0.85,0.269,83.8,94.8,2.4,3.71
113,Juan Nicasio,PIT,13,63.3,12,4,33.3,2.41,9.24,3.84,1.71,0.326,64.6,93.3,5.83,4.93
114,Bud Norris,ATL,21,63.3,9,2,22.2,1.86,7.39,3.98,0.85,0.314,68.6,93.3,4.69,4.16
115,Felix Hernandez,SEA,10,63.0,10,7,70.0,2.04,7.57,3.71,0.86,0.265,80.3,90.0,2.86,4.03
116,Vince Velasquez,PHI,12,61.7,12,4,33.3,3.32,10.65,3.21,1.17,0.322,75.7,93.9,3.65,3.62
117,Junior Guerra,MIL,10,61.3,10,6,60.0,2.79,7.78,2.79,1.03,0.268,71.4,93.3,3.67,3.92
118,Mat Latos,CWS,11,60.3,11,5,45.5,1.28,4.77,3.73,1.49,0.277,73.1,90.0,4.62,5.58
119,Tyler Duffey,MIN,11,59.7,11,3,27.3,3.5,7.39,2.11,1.66,0.367,63.9,90.1,6.18,4.68
120,Phil Hughes,MIN,12,59.0,11,6,54.5,2.62,5.19,1.98,1.68,0.329,64.1,90.5,5.95,5.15
121,Danny Duffy,KC,24,58.7,8,3,37.5,4.44,10.89,2.45,1.53,0.298,78.6,95.6,3.38,3.84
122,Shelby Miller,ARI,12,58.3,12,2,16.7,1.29,6.17,4.78,1.85,0.325,64.8,92.7,6.79,6.15
123,Adam Morgan,PHI,11,57.7,11,4,36.4,3.43,7.49,2.18,1.87,0.365,62.5,91.2,6.55,4.99
124,Matt Cain,SF,11,57.3,11,4,36.4,2.28,6.44,2.83,1.26,0.336,67.1,90.2,5.34,4.56
125,Alex Wood,LAD,10,56.3,10,5,50.0,3.26,9.91,3.04,0.8,0.34,71.0,90.6,3.99,3.2
126,Carlos Carrasco,CLE,9,56.0,9,5,55.6,3.77,7.88,2.09,1.45,0.269,84.9,93.7,2.73,4.26
127,Justin Nicolino,MIA,10,55.7,10,2,20.0,1.93,4.37,2.26,0.81,0.34,66.7,88.7,5.17,4.18
128,Miguel Gonzalez,CWS,11,55.7,10,4,40.0,1.83,7.11,3.88,0.97,0.331,67.5,91.5,5.17,4.36
129,Nick Tropeano,LAA,10,55.3,10,2,20.0,1.93,8.78,4.55,1.3,0.329,84.6,0.0,3.25,4.7
130,Matt Andriese,TB,11,54.7,8,4,50.0,2.6,6.42,2.47,0.33,0.29,74.2,91.9,2.96,3.1
131,Chris Rusin,COL,12,54.7,7,3,42.9,2.29,6.42,2.8,0.33,0.319,67.6,89.3,4.12,3.21
132,Chris Young,KC,13,53.7,11,2,18.2,2.39,9.22,3.86,3.52,0.293,71.4,87.8,6.54,7.57
133,Alfredo Simon,CIN,13,53.3,11,2,18.2,1.31,6.41,4.89,2.36,0.373,56.3,92.5,9.45,6.87
134,Andrew Cashner,SD,11,53.0,11,5,45.5,1.64,6.11,3.74,1.02,0.302,69.0,93.5,4.75,4.6
135,John Lamb,CIN,10,52.7,10,4,40.0,1.42,5.81,4.1,1.37,0.291,71.8,89.4,4.78,5.3
136,Eddie Butler,COL,11,51.0,8,3,37.5,2.83,6.0,2.12,1.94,0.334,59.7,92.6,6.71,5.4
137,Aaron Blair,ATL,11,50.7,11,2,18.2,1.0,5.15,5.15,1.42,0.313,54.3,90.9,7.99,5.88
138,Chris Devenski,HOU,17,50.3,4,2,50.0,3.38,7.87,2.32,0.36,0.28,78.4,91.8,2.32,2.77
139,Erasmo Ramirez,TB,31,50.3,1,0,0.0,3.0,6.44,2.15,1.43,0.293,76.8,91.1,3.75,4.57
140,Sean Manaea,OAK,9,49.3,9,3,33.3,2.5,7.3,2.92,1.46,0.322,60.3,92.0,6.02,4.69
141,Dillon Gee,KC,15,49.0,4,0,0.0,2.33,7.71,3.31,1.84,0.338,82.1,90.0,4.04,5.28
142,Williams Perez,ATL,9,48.7,9,3,33.3,1.64,4.25,2.59,0.74,0.264,61.8,91.2,4.62,4.22
143,Jorge De La Rosa,COL,12,48.7,9,3,33.3,2.04,9.06,4.44,2.03,0.338,65.2,90.2,6.47,5.65
144,Jhoulys Chacin,LAA,9,48.3,9,3,33.3,1.17,5.03,4.28,0.74,0.305,62.0,90.0,5.77,4.63
145,Rubby De La Rosa,ARI,11,47.7,8,4,50.0,3.27,9.25,2.83,1.32,0.279,68.8,94.6,4.15,4.03
146,Luis Perdomo,SD,19,47.0,4,1,25.0,1.87,8.23,4.4,1.72,0.428,57.8,94.1,9.0,5.38
147,Lance McCullers,HOU,8,46.0,8,3,37.5,1.93,10.96,5.67,0.2,0.389,75.0,93.4,3.91,3.0
148,Archie Bradley,ARI,8,46.0,8,3,37.5,2.04,9.59,4.7,1.37,0.284,71.4,93.0,4.5,4.67
149,Ross Stripling,LAD,9,45.7,8,3,37.5,1.89,6.7,3.55,0.59,0.302,66.1,90.2,4.53,3.79
150,Mike Montgomery,SEA,28,45.3,0,0,0.0,2.73,8.14,2.98,0.2,0.275,77.1,94.0,2.38,2.7
151,Carlos Villanueva,SD,31,45.0,0,0,0.0,6.5,7.8,1.2,1.6,0.307,82.2,88.1,3.2,4.19
152,Christian Friedrich,SD,8,45.0,8,4,50.0,1.44,7.2,5.0,0.8,0.311,78.8,89.5,3.6,4.48
153,Scott Feldman,HOU,20,44.0,4,1,25.0,2.46,6.55,2.66,1.02,0.313,81.8,89.9,3.07,4.14
154,Cody Anderson,CLE,9,43.3,8,2,25.0,4.5,7.48,1.66,2.28,0.376,58.3,94.0,7.48,5.41
155,Brad Brach,BAL,34,42.7,0,0,0.0,3.85,10.55,2.74,0.63,0.221,93.9,94.3,1.05,2.71
156,David Phelps,MIA,37,41.0,0,0,0.0,4.0,10.54,2.63,0.44,0.293,77.5,93.4,2.41,2.4
157,Vance Worley,BAL,17,40.7,2,0,0.0,2.54,7.3,2.88,0.66,0.323,82.7,88.7,2.66,3.53
158,Brad Hand,SD,35,40.3,0,0,0.0,2.17,11.16,5.13,0.67,0.32,75.5,92.4,3.57,3.46
159,Logan Verrett,NYM,19,40.3,4,2,50.0,1.72,6.92,4.02,1.34,0.291,76.9,90.8,4.02,4.98
160,Hector Neris,PHI,39,40.3,0,0,0.0,3.2,10.71,3.35,1.12,0.251,81.1,93.2,2.68,3.58
161,Ryan Pressly,MIN,37,40.3,0,0,0.0,2.6,8.7,3.35,1.12,0.293,71.7,94.7,4.02,4.03
162,Yusmeiro Petit,WAS,19,40.0,1,1,100.0,3.88,6.98,1.8,1.58,0.248,82.9,88.5,2.93,4.55
163,Ryan Dull,OAK,34,39.0,0,0,0.0,5.25,9.69,1.85,1.15,0.209,80.8,90.7,2.31,3.35
164,Pat Dean,MIN,8,39.0,6,3,50.0,1.87,6.46,3.46,1.38,0.339,68.4,89.0,5.54,4.96
165,Eric Surkamp,OAK,9,38.7,9,1,11.1,1.05,5.12,4.89,1.86,0.351,67.6,88.8,6.98,6.44
166,Cesar Ramos,TEX,11,38.7,4,2,50.0,1.5,5.59,3.72,1.63,0.314,78.2,88.1,4.42,5.59
167,Joe Blanton,LAD,34,38.7,0,0,0.0,3.8,8.84,2.33,1.16,0.165,75.0,91.2,2.56,3.72
168,Kyle Gibson,MIN,7,38.7,7,2,28.6,1.29,5.12,3.96,1.16,0.315,63.2,91.0,6.05,5.11
169,Fernando Rodriguez,OAK,30,38.3,0,0,0.0,3.0,8.45,2.82,0.47,0.257,70.3,92.9,3.05,2.97
170,A.J. Griffin,TEX,7,38.0,7,4,57.1,2.27,8.05,3.55,0.71,0.255,75.0,88.3,3.08,3.66
171,Seung Hwan Oh,STL,37,38.0,0,0,0.0,6.38,12.08,1.89,0.24,0.272,79.3,92.4,1.66,1.51
172,Michael Tonkin,MIN,33,37.7,0,0,0.0,3.38,10.51,3.11,1.19,0.325,74.4,93.8,3.82,3.66
173,Jeurys Familia,NYM,38,37.3,0,0,0.0,3.18,8.44,2.65,0.0,0.32,72.7,95.9,2.89,2.24
174,Sam Dyson,TEX,39,37.3,0,0,0.0,3.63,6.99,1.93,0.24,0.261,80.0,95.7,1.93,2.66
175,Carlos Torres,MIL,32,37.0,0,0,0.0,2.12,8.76,4.14,1.22,0.283,77.3,91.3,3.65,4.44
176,Albert Suarez,SF,10,36.7,4,1,25.0,2.56,5.65,2.21,0.74,0.265,68.4,92.0,3.68,3.77
177,AJ Schugel,PIT,23,36.3,0,0,0.0,4.71,8.17,1.73,0.74,0.295,63.9,0.0,3.96,3.05
178,Dellin Betances,NYY,37,36.3,0,0,0.0,8.25,16.35,1.98,0.74,0.387,71.0,97.3,2.97,1.32
179,Matt Barnes,BOS,28,36.3,0,0,0.0,2.0,8.92,4.46,0.99,0.304,80.9,96.6,3.22,4.19
180,Hansel Robles,NYM,33,36.3,0,0,0.0,2.75,10.9,3.96,1.24,0.316,83.7,94.4,2.97,3.93
181,Randall Delgado,ARI,32,36.3,0,0,0.0,1.79,8.42,4.71,0.74,0.325,76.9,91.9,3.72,4.02
182,Brett Oberholtzer,PHI,17,36.0,0,0,0.0,1.71,7.25,4.25,2.5,0.326,76.9,88.8,5.5,6.66
183,Kelvin Herrera,KC,36,35.7,0,0,0.0,7.33,11.1,1.51,0.5,0.298,86.7,97.4,1.51,1.98
184,David Hernandez,PHI,35,35.7,0,0,0.0,3.0,11.36,3.79,1.26,0.365,74.5,93.9,4.29,3.8
185,Brandon Maurer,SD,37,35.7,0,0,0.0,2.5,11.36,4.54,1.51,0.335,60.9,95.3,6.06,4.43
186,Nick Vincent,SEA,34,35.3,0,0,0.0,4.67,10.7,2.29,1.27,0.276,77.4,90.3,3.06,3.45
187,Jose Alvarez,LAA,36,35.3,0,0,0.0,3.0,8.41,2.8,0.76,0.369,72.0,90.8,4.33,3.4
188,Blake Wood,CIN,33,35.3,0,0,0.0,1.59,8.92,5.6,0.25,0.324,75.5,95.6,3.57,3.52
189,Luis Severino,NYY,7,35.0,7,2,28.6,2.7,6.94,2.57,2.06,0.364,58.8,95.4,7.46,5.51
190,Jeanmar Gomez,PHI,33,35.0,0,0,0.0,2.67,6.17,2.31,0.77,0.28,76.3,91.3,3.09,3.74
191,Joakim Soria,KC,34,35.0,0,0,0.0,2.29,8.23,3.6,0.77,0.288,78.0,92.4,3.09,3.73
192,Addison Reed,NYM,37,35.0,0,0,0.0,5.0,10.29,2.06,0.77,0.29,78.1,92.2,2.57,2.74
193,Pedro Baez,LAD,34,35.0,0,0,0.0,3.64,10.29,2.83,1.8,0.214,77.8,96.6,3.34,4.49
194,Garrett Richards,LAA,6,34.7,6,4,66.7,2.27,8.83,3.89,0.52,0.313,84.1,95.6,2.34,3.33
195,Jesse Hahn,OAK,7,34.7,7,3,42.9,1.07,4.15,3.89,1.56,0.329,65.5,94.0,6.49,5.87
196,Steve Cishek,SEA,31,34.3,0,0,0.0,3.15,10.75,3.41,1.31,0.223,82.8,91.4,2.62,3.88
197,Tyler Lyons,STL,20,34.3,0,0,0.0,3.2,8.39,2.62,1.83,0.227,75.9,90.5,3.67,4.89
198,Blaine Boyer,MIL,29,34.3,0,0,0.0,1.2,3.15,2.62,0.26,0.298,71.7,91.8,3.67,3.78
199,Nate Jones,CWS,35,34.3,0,0,0.0,4.43,8.13,1.83,0.79,0.233,70.4,96.8,2.88,3.16
200,Ross Ohlendorf,CIN,33,34.0,0,0,0.0,2.36,8.74,3.71,1.32,0.284,71.8,94.1,4.24,4.45
201,Cesar Vargas,SD,7,34.0,7,2,28.6,1.87,7.41,3.97,1.32,0.347,72.5,89.4,5.03,4.83
202,Jeremy Jeffress,MIL,35,33.7,0,0,0.0,3.25,6.95,2.14,0.53,0.33,81.0,95.7,2.67,3.16
203,Fernando Salas,LAA,33,33.7,0,0,0.0,3.13,6.68,2.14,1.6,0.255,65.6,91.3,4.54,4.77
204,Ryan Buchter,SD,36,33.7,0,0,0.0,3.27,13.1,4.01,0.53,0.27,87.5,92.5,1.6,2.44
205,Mychal Givens,BAL,28,33.3,0,0,0.0,2.37,12.15,5.13,0.81,0.38,77.6,93.9,3.78,3.44
206,Michael Morin,LAA,33,33.3,0,0,0.0,3.11,7.56,2.43,1.08,0.258,59.4,91.2,4.59,3.92
207,Roberto Osuna,TOR,33,33.3,0,0,0.0,5.86,11.07,1.89,0.81,0.284,82.1,95.9,2.16,2.56
208,Dan Jennings,CWS,27,33.3,0,0,0.0,1.12,5.13,4.59,0.0,0.279,84.8,90.6,1.89,3.64
209,Brad Ziegler,ARI,31,33.3,0,0,0.0,1.83,5.94,3.24,0.0,0.314,80.0,83.4,2.43,3.0
210,Michael Feliz,HOU,20,33.3,0,0,0.0,4.89,11.88,2.43,1.35,0.265,66.7,94.6,3.78,3.35
211,Mike Foltynewicz,ATL,6,33.3,6,3,50.0,3.5,7.56,2.16,1.62,0.298,80.6,95.0,3.51,4.6
212,Alex Wilson,DET,29,32.7,0,0,0.0,2.4,6.61,2.76,0.55,0.32,71.4,91.3,3.86,3.48
213,Will Harris,HOU,32,32.7,0,0,0.0,5.33,8.82,1.65,0.0,0.259,88.9,92.2,0.83,1.81
214,Andrew Miller,NYY,32,32.7,0,0,0.0,20.0,16.53,0.83,0.83,0.304,94.1,94.4,1.1,1.01
215,Zach Britton,BAL,32,32.7,0,0,0.0,4.75,10.47,2.2,0.28,0.239,92.0,96.0,0.83,2.03
216,Justin Miller,COL,29,32.7,0,0,0.0,2.43,9.37,3.86,1.38,0.355,67.4,93.3,5.51,4.44
217,Tony Cingrani,CIN,35,32.7,0,0,0.0,1.32,6.89,5.23,1.1,0.255,76.2,93.7,3.86,5.06
218,Cory Gearrin,SF,35,32.7,0,0,0.0,3.13,6.89,2.2,0.28,0.247,76.7,91.5,2.2,2.83
219,Arodys Vizcaino,ATL,33,32.3,0,0,0.0,2.93,12.25,4.18,0.56,0.328,86.8,97.5,1.95,2.72
220,J.C. Ramirez,CIN,27,32.3,0,0,0.0,3.11,7.79,2.51,1.95,0.307,56.8,96.2,6.4,5.15
221,Felipe Rivero,WAS,36,32.0,0,0,0.0,3.55,10.97,3.09,1.13,0.31,44.1,94.9,6.47,3.45
222,Trevor Cahill,CHC,27,32.0,0,0,0.0,1.94,9.84,5.06,1.13,0.246,86.1,92.5,2.53,4.38
223,Tony Watson,PIT,32,32.0,0,0,0.0,2.73,8.44,3.09,1.13,0.23,72.4,93.1,3.38,4.02
224,Tyler Thornburg,MIL,33,31.7,0,0,0.0,4.0,12.51,3.13,1.42,0.223,79.2,94.3,2.84,3.55
225,Cody Allen,CLE,31,31.7,0,0,0.0,2.44,11.08,4.55,0.85,0.253,75.8,94.2,3.13,3.53
226,David Robertson,CWS,30,31.7,0,0,0.0,1.89,10.23,5.4,0.28,0.328,75.6,91.8,3.41,3.2
227,Tony Barnette,TEX,29,31.7,0,0,0.0,3.29,6.54,1.99,0.57,0.346,78.6,92.4,3.13,3.25
228,Luke Gregerson,HOU,32,31.3,0,0,0.0,4.5,10.34,2.3,0.57,0.266,59.3,89.3,3.73,2.52
229,Blake Treinen,WAS,32,31.3,0,0,0.0,1.94,8.9,4.6,0.86,0.268,89.2,95.0,2.01,4.05
230,Alexi Ogando,ATL,35,31.3,0,0,0.0,1.26,8.33,6.61,0.57,0.313,80.0,94.0,3.45,4.45
231,Raisel Iglesias,CIN,7,31.3,5,2,40.0,3.88,8.9,2.3,1.44,0.351,82.1,90.7,3.45,4.09
232,Ryan Madson,OAK,32,31.0,0,0,0.0,2.78,7.26,2.61,0.58,0.286,82.4,94.3,2.32,3.33
233,Kevin Quackenbush,SD,32,31.0,0,0,0.0,1.33,4.65,3.48,1.16,0.192,69.0,90.8,3.77,5.05
234,Ken Giles,HOU,35,31.0,0,0,0.0,4.1,11.9,2.9,1.45,0.4,68.3,96.8,5.23,3.65
235,A.J. Ramos,MIA,33,31.0,0,0,0.0,2.11,11.03,5.23,0.0,0.278,83.8,91.7,1.74,2.55
236,Vidal Nuno,SEA,27,31.0,1,0,0.0,4.43,9.0,2.03,1.16,0.315,81.8,89.5,2.9,3.58
237,Chris Hatcher,LAD,29,31.0,0,0,0.0,1.82,9.0,4.94,1.74,0.271,73.7,95.7,4.65,5.42
238,Gavin Floyd,TOR,28,31.0,0,0,0.0,3.75,8.71,2.32,1.16,0.249,63.0,93.0,4.06,3.74
239,Kyle Barraclough,MIA,34,30.7,0,0,0.0,2.29,16.14,7.04,0.29,0.376,79.1,95.5,2.93,2.46
240,Matt Albers,CWS,34,30.7,0,0,0.0,1.82,5.87,3.23,1.76,0.296,69.2,92.2,5.28,5.55
241,Alex Colome,TB,29,30.7,0,0,0.0,3.45,11.15,3.23,0.59,0.302,87.5,94.7,1.76,2.68
242,Sean Doolittle,OAK,35,30.7,0,0,0.0,4.38,10.27,2.35,1.47,0.27,81.5,94.9,2.93,3.85
243,Kenley Jansen,LAD,32,30.3,0,0,0.0,8.75,10.38,1.19,0.3,0.24,80.0,92.8,1.48,1.73
244,Travis Wood,CHC,36,30.0,0,0,0.0,1.69,6.6,3.9,0.9,0.149,83.3,90.3,2.1,4.38
245,Heath Hembree,BOS,18,30.0,0,0,0.0,3.75,9.0,2.4,0.9,0.331,88.6,93.7,2.1,3.33
246,Craig Kimbrel,BOS,30,30.0,0,0,0.0,4.09,13.5,3.3,0.6,0.233,73.9,97.4,2.4,2.2
247,Dylan Bundy,BAL,19,30.0,0,0,0.0,2.11,5.7,2.7,0.9,0.348,77.3,93.5,3.9,4.16
248,Chien-Ming Wang,KC,23,30.0,0,0,0.0,1.9,5.7,3.0,1.2,0.299,76.3,91.5,3.9,4.7
249,Luke Hochevar,KC,31,29.7,0,0,0.0,5.67,10.31,1.82,1.21,0.255,73.9,94.4,3.03,3.29
250,Antonio Bastardo,NYM,28,29.7,0,0,0.0,1.88,9.71,5.16,1.52,0.308,75.0,91.2,4.55,5.01
251,Santiago Casilla,SF,32,29.7,0,0,0.0,4.88,11.83,2.43,1.21,0.309,85.7,93.5,2.43,3.16
252,James Paxton,SEA,5,29.7,5,3,60.0,3.78,10.31,2.73,0.91,0.42,82.2,97.4,3.34,3.16
253,Daniel Hudson,ARI,32,29.3,0,0,0.0,2.4,7.36,3.07,0.61,0.225,66.7,95.5,3.38,3.51
254,Matt Boyd,DET,6,29.3,5,0,0.0,1.91,6.44,3.38,1.53,0.304,57.9,91.2,6.44,5.15
255,Mark Melancon,PIT,32,29.3,0,0,0.0,2.88,7.06,2.45,0.31,0.278,87.1,91.5,1.53,2.92
256,John Axford,OAK,31,29.3,0,0,0.0,2.78,7.67,2.76,1.23,0.319,77.8,95.6,3.68,4.22
257,Jesse Chavez,TOR,29,29.0,0,0,0.0,3.56,9.93,2.79,1.86,0.297,83.3,93.3,3.41,4.64
258,Dan Otero,CLE,26,29.0,0,0,0.0,4.33,8.07,1.86,0.0,0.326,90.9,90.0,0.93,2.05
259,Bryan Shaw,CLE,34,29.0,0,0,0.0,3.2,9.93,3.1,2.17,0.316,72.7,0.0,4.97,5.2
260,Kevin Siegrist,STL,32,29.0,0,0,0.0,3.2,9.93,3.1,1.55,0.207,82.6,93.3,2.79,4.3
261,Pedro Strop,CHC,33,28.7,0,0,0.0,4.67,13.19,2.83,0.94,0.279,70.8,94.9,3.14,2.6
262,Fernando Rodney,SD,28,28.7,0,0,0.0,2.75,10.36,3.77,0.0,0.214,96.0,94.4,0.31,2.2
263,Jonathan Broxton,STL,31,28.7,0,0,0.0,1.6,7.53,4.71,0.63,0.23,68.8,94.2,3.77,4.05
264,Louis Coleman,LAD,34,28.7,0,0,0.0,2.07,9.1,4.4,0.31,0.298,69.4,89.2,3.77,3.14
265,Kevin Jepsen,MIN,31,28.7,0,0,0.0,1.75,6.59,3.77,2.2,0.355,71.1,94.0,6.28,6.21
266,Jake Diekman,TEX,34,28.3,0,0,0.0,3.4,10.8,3.18,0.95,0.221,73.9,95.5,2.86,3.27
267,Tyler Clippard,ARI,31,28.3,0,0,0.0,3.2,10.16,3.18,1.59,0.305,83.9,90.7,3.18,4.33
268,Drew Storen,TOR,32,28.3,0,0,0.0,3.63,9.21,2.54,1.59,0.371,71.1,92.0,5.08,4.32
269,Hunter Strickland,SF,35,28.3,0,0,0.0,3.71,8.26,2.22,0.32,0.29,72.4,96.3,2.86,2.59
270,Junichi Tazawa,BOS,31,28.3,0,0,0.0,4.71,10.48,2.22,1.27,0.254,73.9,93.0,3.18,3.47
271,Yovani Gallardo,BAL,6,28.3,6,0,0.0,1.31,5.4,4.13,0.95,0.337,64.4,87.7,6.04,4.8
272,John Gant,ATL,10,28.3,3,1,33.3,2.64,9.21,3.49,0.95,0.329,69.4,92.0,4.45,3.73
273,Justin Wilson,DET,32,28.3,0,0,0.0,7.2,11.44,1.59,0.32,0.353,65.5,95.0,3.49,1.66
274,Gonzalez Germen,COL,26,28.0,0,0,0.0,1.5,7.71,5.14,1.29,0.286,76.3,93.6,4.18,5.11
275,Chris Bassitt,OAK,5,28.0,5,2,40.0,1.64,7.39,4.5,1.61,0.349,68.2,92.6,6.11,5.43
276,Neftali Feliz,PIT,34,28.0,0,0,0.0,5.33,10.29,1.93,1.29,0.23,70.0,95.4,3.21,3.44
277,Michael Bolsinger,LAD,6,27.7,6,0,0.0,2.78,8.13,2.93,2.28,0.329,60.0,87.7,6.83,5.69
278,Matt Bowman,STL,21,27.7,0,0,0.0,3.5,6.83,1.95,0.98,0.269,66.7,0.0,3.9,3.76
279,Koji Uehara,BOS,29,27.3,0,0,0.0,5.13,13.5,2.63,1.65,0.307,62.5,86.9,4.61,3.49
280,Dustin McGowan,MIA,22,27.3,0,0,0.0,1.85,7.9,4.28,0.66,0.197,73.1,94.6,2.96,3.87
281,Zach Putnam,CWS,25,27.3,0,0,0.0,2.73,9.88,3.62,0.66,0.328,85.3,90.6,2.3,3.2
282,Tommy Milone,MIN,6,27.0,5,0,0.0,2.22,6.67,3.0,1.67,0.325,69.4,87.2,5.33,5.16
283,Julio Urias,LAD,6,27.0,6,0,0.0,3.89,11.67,3.0,1.33,0.396,75.0,93.2,4.33,3.57
284,Eduardo Rodriguez,BOS,5,26.7,5,2,40.0,1.73,6.41,3.71,2.36,0.272,62.5,93.3,6.41,6.47
285,Jhoulys Chacin,ATL,5,26.7,5,1,20.0,3.38,9.11,2.7,1.35,0.342,63.6,90.0,5.4,4.06
286,Francisco Rodriguez,DET,29,26.7,0,0,0.0,3.11,9.45,3.04,0.67,0.298,72.4,88.6,3.38,3.12
287,Trevor May,MIN,29,26.7,0,0,0.0,4.0,13.5,3.38,1.69,0.415,62.9,94.2,6.08,3.8
288,Andrew Bailey,PHI,25,26.7,0,0,0.0,3.11,9.45,3.04,1.35,0.241,62.5,92.0,4.39,4.1
289,Carlos Estevez,COL,28,26.3,0,0,0.0,2.45,9.23,3.76,1.37,0.287,70.0,97.0,4.44,4.42
290,Shawn Kelley,WAS,30,26.3,0,0,0.0,6.17,12.65,2.05,0.68,0.287,76.2,92.0,2.39,2.08
291,Kirby Yates,NYY,28,26.3,0,0,0.0,2.46,10.94,4.44,0.68,0.342,65.7,93.1,4.78,3.29
292,Wade Davis,KC,27,26.3,0,0,0.0,2.36,8.89,3.76,0.0,0.225,88.0,94.8,1.03,2.52
293,Jake Barrett,ARI,29,26.0,0,0,0.0,4.33,9.0,2.08,1.04,0.276,87.5,94.8,2.08,3.42
294,Cam Bedrosian,LAA,30,26.0,0,0,0.0,3.5,9.69,2.77,0.35,0.317,89.7,95.2,1.38,2.5
295,Justin Grimm,CHC,34,26.0,0,0,0.0,2.33,9.69,4.15,1.38,0.337,62.9,94.3,5.88,4.48
296,Zach Duke,CWS,39,25.7,0,0,0.0,2.64,10.17,3.86,0.35,0.336,78.8,89.4,2.81,2.78
297,Enny Romero,TB,27,25.7,0,0,0.0,1.67,8.77,5.26,1.05,0.252,74.2,95.9,3.86,4.58
298,Adam Warren,CHC,25,25.7,0,0,0.0,1.29,6.31,4.91,1.4,0.249,71.9,92.9,4.56,5.51
299,Hector Rondon,CHC,26,25.7,0,0,0.0,11.33,11.92,1.05,0.7,0.223,85.7,96.0,1.4,1.93
300,Derek Law,SF,25,25.7,0,0,0.0,6.0,8.42,1.4,0.35,0.332,75.0,93.2,2.81,2.32
301,Michael Blazek,MIL,27,25.7,0,0,0.0,1.29,7.71,5.96,0.7,0.357,80.0,93.2,3.86,4.55
302,Arquimedes Caminero,PIT,25,25.7,0,0,0.0,0.89,5.96,6.66,1.05,0.366,82.4,97.5,4.21,5.69
303,Shane Greene,DET,15,25.3,3,1,33.3,2.08,8.88,4.26,0.0,0.279,53.3,93.1,4.97,2.69
304,Jim Henderson,NYM,31,25.3,0,0,0.0,2.31,10.66,4.62,1.78,0.279,75.9,93.5,4.26,4.99
305,Joe Smith,LAA,25,25.3,0,0,0.0,1.55,6.04,3.91,1.07,0.238,71.4,88.2,3.91,4.74
306,Marc Rzepczynski,OAK,34,25.3,0,0,0.0,1.86,9.24,4.97,0.36,0.355,82.1,91.4,2.84,3.37
307,Kyle Ryan,DET,25,25.3,0,0,0.0,3.0,5.33,1.78,0.36,0.315,77.4,88.5,2.84,3.14
308,Fernando Abad,MIN,30,25.0,0,0,0.0,2.88,8.28,2.88,0.36,0.275,80.8,90.6,2.16,2.87
309,Kyle Lobstein,PIT,14,25.0,0,0,0.0,1.25,5.4,4.32,0.72,0.293,74.3,87.4,3.96,4.53
310,Sammy Solis,WAS,20,24.7,0,0,0.0,2.5,10.95,4.38,0.36,0.233,87.5,93.7,1.46,2.8
311,Joe Biagini,TOR,25,24.7,0,0,0.0,1.9,6.93,3.65,0.0,0.365,79.5,0.0,2.92,2.92
312,Jim Johnson,ATL,25,24.7,0,0,0.0,2.88,8.39,2.92,0.73,0.311,62.1,92.5,4.74,3.39
313,Jonathan Papelbon,WAS,25,24.7,0,0,0.0,2.38,6.93,2.92,0.73,0.313,77.4,90.7,3.28,3.72
314,Xavier Cedeno,TB,30,24.3,0,0,0.0,2.67,8.88,3.33,0.37,0.287,66.7,90.5,3.7,2.91
315,Caleb Cotham,CIN,23,24.3,0,0,0.0,1.75,7.77,4.44,1.11,0.378,58.5,92.3,7.4,4.61
316,Kris Medlen,KC,6,24.3,6,1,16.7,0.9,6.66,7.4,0.74,0.356,60.4,90.7,7.77,5.34
317,Trevor Rosenthal,STL,29,24.0,0,0,0.0,1.71,13.5,7.88,1.13,0.441,73.9,96.9,5.63,4.54
318,Mark Lowe,DET,28,24.0,0,0,0.0,1.73,7.13,4.13,3.0,0.348,48.6,92.2,10.13,7.37
319,Shawn Tolleson,TEX,26,24.0,0,0,0.0,2.5,7.5,3.0,2.25,0.335,59.4,93.0,7.13,5.82
320,Adam Liberatore,LAD,32,24.0,0,0,0.0,2.78,9.38,3.38,0.0,0.26,91.7,91.7,0.75,2.28
321,Chris Capuano,MIL,16,24.0,0,0,0.0,1.8,10.13,5.63,2.63,0.282,87.1,88.5,4.13,6.68
322,Robbie Ross,BOS,21,24.0,0,0,0.0,3.33,11.25,3.38,0.38,0.323,70.4,93.9,3.38,2.4
323,Jordan Lyles,COL,7,23.7,5,1,20.0,1.0,5.32,5.32,0.76,0.347,54.8,92.7,7.99,4.95
324,Zach McAllister,CLE,26,23.3,0,0,0.0,2.4,9.26,3.86,1.16,0.334,80.6,94.2,3.47,4.14
325,Pat Neshek,HOU,30,23.3,0,0,0.0,3.67,8.49,2.31,1.54,0.17,73.3,89.1,3.09,4.34
326,Hunter Cervenka,ATL,34,23.3,0,0,0.0,2.21,11.96,5.4,0.39,0.256,76.9,92.7,2.7,2.96
327,Joel Peralta,SEA,26,23.3,0,0,0.0,4.0,10.8,2.7,2.7,0.31,70.8,89.8,5.4,5.63
328,Elvis Araujo,PHI,27,23.0,0,0,0.0,2.15,10.96,5.09,1.57,0.423,72.5,92.3,5.87,4.78
329,Colton Murray,PHI,17,23.0,0,0,0.0,2.0,7.04,3.52,1.57,0.255,72.0,93.5,4.3,5.11
330,Tony Sipp,HOU,31,23.0,0,0,0.0,3.83,9.0,2.35,2.35,0.323,80.8,90.2,4.3,5.4
331,J.P. Howell,LAD,28,23.0,0,0,0.0,1.67,5.87,3.52,0.78,0.276,64.3,85.5,4.7,4.24
332,T.J. McFarland,BAL,14,23.0,0,0,0.0,0.75,2.35,3.13,0.39,0.314,68.6,91.8,4.7,4.32
333,Joe Kelly,BOS,6,22.3,6,1,16.7,1.42,10.88,7.66,1.61,0.429,63.0,95.1,8.46,5.75
334,Chad Qualls,COL,31,22.3,0,0,0.0,1.67,4.03,2.42,1.21,0.346,67.6,90.4,5.64,4.88
335,Taylor Rogers,MIN,20,22.3,0,0,0.0,5.0,8.06,1.61,1.61,0.349,81.5,91.8,3.63,4.29
336,Nick Goody,NYY,19,22.0,0,0,0.0,5.2,10.64,2.05,2.05,0.357,72.0,0.0,4.91,4.5
337,Josh Osich,SF,37,22.0,0,0,0.0,1.45,6.55,4.5,2.05,0.246,80.8,95.3,4.09,6.25
338,Jameson Taillon,PIT,4,22.0,4,2,50.0,3.0,6.14,2.05,1.64,0.298,72.0,94.7,4.5,4.9
339,Cory Rasmus,LAA,14,21.7,1,0,0.0,0.93,5.4,5.82,1.25,0.225,64.3,92.0,5.4,5.8
340,George Kontos,SF,26,21.7,0,0,0.0,3.2,6.65,2.08,1.25,0.25,80.0,91.2,2.91,4.24
341,Ryan Vogelsong,PIT,12,21.7,2,0,0.0,1.6,6.65,4.15,1.25,0.296,79.3,91.0,3.74,4.95
342,Jake McGee,COL,24,21.7,0,0,0.0,2.5,6.23,2.49,1.25,0.352,71.0,93.5,4.98,4.47
343,Tom Wilhelmsen,TEX,21,21.3,0,0,0.0,1.22,4.64,3.8,2.95,0.387,55.0,94.3,10.55,7.74
344,Jon Moscot,CIN,5,21.3,5,0,0.0,1.0,4.22,4.22,4.22,0.242,65.4,90.7,8.02,9.81
345,Tom Layne,BOS,23,21.0,0,0,0.0,1.9,8.14,4.29,0.43,0.285,69.2,90.1,3.86,3.49
346,Andrew Triggs,OAK,11,21.0,1,0,0.0,3.8,8.14,2.14,1.71,0.364,53.6,90.7,7.29,4.6
347,Jared Hughes,PIT,26,21.0,0,0,0.0,0.75,3.86,5.14,1.29,0.314,77.1,92.5,4.71,5.97
348,Taylor Jungmann,MIL,5,20.7,5,0,0.0,1.0,5.66,5.66,1.31,0.346,51.4,89.5,9.15,5.78
349,Liam Hendriks,OAK,14,20.7,0,0,0.0,22.0,9.58,0.44,1.31,0.453,58.1,94.0,6.97,3.11
350,A.J. Achter,LAA,12,20.3,0,0,0.0,2.25,3.98,1.77,2.21,0.293,83.3,91.0,3.98,6.12
351,Jose Urena,MIA,16,20.3,0,0,0.0,1.2,5.31,4.43,0.89,0.346,55.9,95.1,7.52,4.82
352,Jerry Blevins,NYM,33,20.3,0,0,0.0,4.2,9.3,2.21,0.44,0.278,84.2,88.3,1.77,2.54
353,Darren O'Day,BAL,22,20.0,0,0,0.0,2.78,11.25,4.05,2.25,0.293,90.9,86.2,3.15,5.35
354,Steve Geltz,TB,21,20.0,0,0,0.0,2.83,7.65,2.7,4.5,0.169,64.3,92.4,6.75,8.93
355,Aroldis Chapman,NYY,21,20.0,0,0,0.0,10.33,13.95,1.35,0.9,0.355,76.5,99.8,2.7,1.87
356,Jeff Manship,CLE,23,20.0,0,0,0.0,1.1,4.95,4.5,1.35,0.261,88.5,90.9,2.7,5.6
357,Chris Withrow,ATL,25,19.7,0,0,0.0,1.27,6.41,5.03,0.92,0.239,70.8,93.2,4.12,4.83
358,Brandon Kintzler,MIN,20,19.7,0,0,0.0,7.0,6.41,0.92,1.83,0.252,87.5,92.5,2.75,4.74
359,Andrew Chafin,ARI,27,19.7,0,0,0.0,2.56,10.53,4.12,0.46,0.393,46.7,93.0,7.78,2.94
360,Eric O'Flaherty,ATL,27,19.3,0,0,0.0,3.0,6.98,2.33,1.4,0.358,59.3,90.5,6.52,4.47
361,Tim Adleman,CIN,4,19.3,4,1,25.0,1.78,7.45,4.19,1.4,0.28,79.2,0.0,3.72,5.01
362,Nick Wittgren,MIA,15,19.0,0,0,0.0,5.25,9.95,1.89,0.95,0.301,77.8,91.7,2.84,3.01
363,Chasen Shreve,NYY,19,19.0,0,0,0.0,4.0,7.58,1.89,3.32,0.21,71.4,91.4,5.21,6.96
364,Drew VerHagen,DET,19,19.0,0,0,0.0,1.43,4.74,3.32,1.42,0.365,62.5,94.4,7.11,5.34
365,Oliver Perez,WAS,30,19.0,0,0,0.0,3.0,11.37,3.79,0.47,0.351,62.5,91.6,4.74,2.66
366,Boone Logan,COL,28,19.0,0,0,0.0,3.0,11.37,3.79,0.0,0.289,65.0,93.1,3.32,1.98
367,Deolis Guerra,LAA,11,18.7,0,0,0.0,0.0,7.71,0.0,0.48,0.262,61.5,90.0,2.89,2.18
368,Casey Kelly,ATL,8,18.7,1,0,0.0,0.83,2.41,2.89,0.48,0.344,64.5,89.9,5.79,4.36
369,Greg Mahle,LAA,24,18.3,0,0,0.0,1.4,6.87,4.91,1.96,0.335,75.9,87.1,5.4,6.2
370,Christian Bergman,COL,9,18.3,1,0,0.0,4.75,9.33,1.96,1.47,0.402,65.4,89.5,5.89,3.93
371,Alex Claudio,TEX,13,18.0,0,0,0.0,2.75,5.5,2.0,0.5,0.356,69.2,85.1,4.5,3.39
372,Joaquin Benoit,SEA,18,18.0,0,0,0.0,1.73,9.5,5.5,1.5,0.257,72.7,94.0,4.5,5.15
373,Matt Bush,TEX,20,18.0,0,0,0.0,3.8,9.5,2.5,0.5,0.29,83.3,0.0,2.0,2.67
374,Daniel Mengden,OAK,3,18.0,3,2,66.7,3.5,10.5,3.0,1.5,0.32,85.0,91.8,3.0,4.07
375,Ian Krol,ATL,22,18.0,0,0,0.0,3.43,12.0,3.5,1.0,0.359,86.4,94.2,2.5,3.18
376,Tyler Anderson,COL,3,17.7,3,1,33.3,6.0,9.17,1.53,0.0,0.361,76.2,90.6,2.55,1.69
377,J.J. Hoover,CIN,17,17.7,0,0,0.0,1.5,7.64,5.09,4.08,0.341,46.4,91.6,11.72,9.14
378,Peter Moylan,KC,12,17.7,0,0,0.0,3.2,8.15,2.55,0.51,0.36,75.0,89.6,3.57,3.0
379,Bryan Morris,MIA,24,17.7,0,0,0.0,1.3,6.62,5.09,2.04,0.23,90.5,93.0,3.06,6.43
380,Charlie Morton,PHI,4,17.3,4,2,50.0,2.38,9.87,4.15,0.52,0.319,68.2,94.3,4.15,3.19
381,Jason Grilli,ATL,21,17.0,0,0,0.0,1.77,12.18,6.88,1.06,0.36,70.4,92.0,5.29,4.39
382,Matt Purke,CWS,10,17.0,0,0,0.0,1.4,7.41,5.29,0.0,0.359,65.5,92.5,5.29,3.38
383,Dana Eveland,TB,21,16.7,0,0,0.0,1.31,9.18,7.02,1.62,0.375,64.5,89.2,7.56,5.92
384,Steve Johnson,SEA,16,16.7,0,0,0.0,1.55,9.18,5.94,1.62,0.25,76.2,89.0,4.32,5.55
385,Rob Scahill,PIT,15,16.3,0,0,0.0,2.17,7.16,3.31,0.55,0.34,69.6,93.6,4.41,3.54
386,Joba Chamberlain,CLE,17,16.3,0,0,0.0,2.43,9.37,3.86,0.55,0.194,78.6,93.2,2.2,3.24
387,Ryan Webb,TB,17,16.3,0,0,0.0,3.33,5.51,1.65,1.1,0.357,82.6,91.2,3.31,4.14
388,Matt Garza,MIL,3,16.0,3,1,33.3,2.0,4.5,2.25,0.0,0.35,79.2,91.9,2.81,2.98
389,Yu Darvish,TEX,3,15.7,3,0,0.0,3.17,10.91,3.45,0.57,0.304,76.5,93.5,2.87,2.79
390,Robbie Erlin,SD,3,15.7,2,1,50.0,4.33,7.47,1.72,1.72,0.224,66.7,88.0,4.02,4.62
391,Josh Fields,HOU,15,15.7,0,0,0.0,6.67,11.49,1.72,1.15,0.465,58.3,94.5,6.89,2.9
392,Anthony DeSclafani,CIN,3,15.7,3,2,66.7,1.43,5.74,4.02,1.15,0.332,91.7,93.0,2.3,4.97
393,Wilfredo Boscan,PIT,6,15.3,1,0,0.0,1.14,4.7,4.11,1.17,0.269,55.0,90.6,6.46,5.27
394,Tyler Sturdevant,TB,13,15.0,0,0,0.0,2.4,7.2,3.0,0.6,0.359,68.2,91.4,4.8,3.5
395,Josh Smith,CIN,10,15.0,0,0,0.0,2.8,8.4,3.0,1.2,0.298,88.2,91.3,2.4,4.1
396,Tommy Hunter,CLE,15,15.0,0,0,0.0,2.0,4.8,2.4,0.6,0.243,73.3,94.5,3.0,3.83
397,Blake Snell,TB,3,15.0,3,1,33.3,1.71,7.2,4.2,0.0,0.359,83.3,93.5,2.4,3.05
398,Jose Berrios,MIN,4,15.0,4,0,0.0,1.67,12.0,7.2,3.0,0.402,55.6,93.2,10.2,7.35
399,Jarred Cosart,MIA,3,14.7,3,0,0.0,0.53,4.91,9.2,0.0,0.324,58.1,92.7,7.98,5.28
400,Erik Johnson,SD,3,14.7,3,0,0.0,1.6,4.91,3.07,4.3,0.35,60.9,89.8,9.82,9.37
401,Jhan Marinez,MIL,9,14.7,0,0,0.0,6.0,11.05,1.84,0.61,0.421,75.0,94.7,3.68,2.27
402,Miguel Castro,COL,19,14.7,0,0,0.0,2.4,7.36,3.07,1.84,0.338,65.0,96.1,6.14,5.28
403,Zach Eflin,PHI,3,14.3,3,1,33.3,1.5,3.77,2.51,1.88,0.304,63.2,92.9,6.28,5.95
404,Mike Clevinger,CLE,3,14.3,3,0,0.0,1.86,8.16,4.4,1.88,0.322,45.0,92.9,8.79,5.62
405,Zach Neal,OAK,6,14.0,1,0,0.0,0.0,3.21,0.0,2.57,0.317,43.8,0.0,8.36,6.2
406,Craig Breslow,MIA,15,14.0,0,0,0.0,1.75,4.5,2.57,0.64,0.381,75.0,89.5,4.5,4.01
407,Huston Street,LAA,16,13.7,0,0,0.0,0.88,4.61,5.27,0.66,0.292,76.2,87.8,3.95,4.94
408,James Shields,CWS,4,13.7,4,0,0.0,0.62,5.27,8.56,3.29,0.44,48.6,90.3,15.8,9.73
409,Daniel Coulombe,OAK,10,13.7,0,0,0.0,3.0,5.93,1.98,2.63,0.234,75.0,89.6,4.61,6.37
410,Casey Fien,MIN,14,13.7,0,0,0.0,4.0,7.9,1.98,3.29,0.376,63.2,92.9,7.9,6.88
411,Seth Maness,STL,14,13.3,0,0,0.0,1.2,4.05,3.38,0.68,0.388,68.0,87.4,6.08,4.44
412,Buck Farmer,DET,9,13.3,0,0,0.0,2.17,8.78,4.05,0.68,0.245,78.6,93.3,2.7,3.62
413,Brian Flynn,KC,7,13.3,0,0,0.0,2.17,8.78,4.05,0.68,0.222,69.2,92.3,3.38,3.62
414,Scott Oberg,COL,9,13.3,0,0,0.0,1.6,5.4,3.38,1.35,0.288,76.5,93.8,4.05,5.11
415,Casey Fien,LAD,12,13.3,0,0,0.0,6.0,8.1,1.35,2.03,0.26,90.9,92.9,2.7,4.79
416,Scott Alexander,KC,9,13.0,0,0,0.0,2.2,7.62,3.46,0.69,0.353,68.4,89.9,4.85,3.7
417,Evan Marshall,ARI,12,13.0,0,0,0.0,1.0,4.85,4.85,0.0,0.415,64.3,93.5,6.92,3.79
418,Johnny Barbato,NYY,12,13.0,0,0,0.0,3.75,10.38,2.77,1.38,0.27,50.0,94.6,5.54,3.85
419,Nick Martinez,TEX,4,13.0,2,0,0.0,0.71,3.46,4.85,1.38,0.307,71.4,91.7,5.54,6.1
420,Daniel Wright,CIN,4,13.0,2,0,0.0,3.0,4.15,1.38,1.38,0.429,64.0,0.0,7.62,4.75
421,Josh Collmenter,ARI,9,12.7,0,0,0.0,0.78,4.97,6.39,1.42,0.277,70.0,84.1,5.68,6.35
422,Will Smith,MIL,14,12.7,0,0,0.0,1.8,6.39,3.55,0.71,0.208,83.3,91.3,2.13,4.03
423,Blaine Hardy,DET,13,12.3,0,0,0.0,1.6,5.84,3.65,1.46,0.327,66.7,88.3,5.84,5.27
424,Henry Owens,BOS,3,12.3,3,1,33.3,0.69,6.57,9.49,2.19,0.279,82.6,0.0,5.11,8.17
425,Clayton Richard,CHC,22,12.3,0,0,0.0,1.0,4.38,4.38,0.0,0.422,63.0,91.9,7.3,3.74
426,Tony Zych,SEA,10,12.0,0,0,0.0,2.38,14.25,6.0,0.0,0.321,73.3,95.3,3.0,2.1
427,Cody Reed,CIN,2,12.0,2,0,0.0,3.0,11.25,3.75,2.25,0.389,64.7,92.8,6.75,5.24
428,Robert Stephenson,CIN,2,12.0,2,1,50.0,1.0,3.0,3.0,1.5,0.19,81.8,92.7,3.0,5.73
429,Matt Belisle,WAS,12,11.7,0,0,0.0,9.0,6.94,0.77,0.0,0.315,83.3,90.6,1.54,1.92
430,Erik Johnson,CWS,2,11.7,2,0,0.0,1.83,8.49,4.63,3.86,0.291,73.3,89.8,6.94,8.48
431,Javier Lopez,SF,34,11.7,0,0,0.0,0.7,5.4,7.71,0.77,0.258,73.7,84.0,4.63,5.77
432,Sean O'Sullivan,BOS,3,11.3,2,0,0.0,3.5,5.56,1.59,1.59,0.405,57.9,90.9,7.94,4.81
433,Dean Kiekhefer,STL,11,11.0,0,0,0.0,4.5,7.36,1.64,1.64,0.312,58.3,87.7,5.73,4.49
434,Dalier Hinojosa,PHI,10,11.0,0,0,0.0,2.67,6.55,2.45,0.82,0.281,75.0,92.9,3.27,3.77
435,Buddy Boshers,MIN,13,11.0,0,0,0.0,6.5,10.64,1.64,0.82,0.307,90.0,92.1,1.64,2.58
436,Noe Ramirez,BOS,11,11.0,0,0,0.0,1.57,9.0,5.73,2.45,0.355,72.2,89.7,6.55,6.72
437,Jason Motte,COL,14,10.7,0,0,0.0,5.5,9.28,1.69,2.53,0.239,87.5,94.2,3.38,5.38
438,Ryan Weber,ATL,5,10.7,0,0,0.0,4.5,7.59,1.69,1.69,0.461,55.0,91.3,9.28,4.53
439,Edwin Jackson,MIA,8,10.7,0,0,0.0,1.17,5.91,5.06,1.69,0.323,70.6,92.8,5.91,6.07
440,Chad Girodo,TOR,14,10.3,0,0,0.0,2.5,4.35,1.74,2.61,0.249,80.0,86.4,4.35,6.61
441,Zac Curtis,ARI,14,10.3,0,0,0.0,1.33,6.97,5.23,0.87,0.221,58.3,91.1,5.23,4.71
442,Edwin Diaz,SEA,9,10.3,0,0,0.0,3.4,14.81,4.35,0.87,0.452,93.3,96.1,1.74,2.67
443,Zack Godley,ARI,5,10.3,1,1,100.0,2.0,6.97,3.48,1.74,0.221,70.0,91.5,4.35,5.37
444,Brett Cecil,TOR,16,10.3,0,0,0.0,3.0,7.84,2.61,0.87,0.443,73.7,91.5,5.23,3.62
445,Jumbo Diaz,CIN,11,10.0,0,0,0.0,0.86,5.4,6.3,4.5,0.184,83.3,95.7,6.3,10.67
446,A.J. Morris,CIN,7,10.0,0,0,0.0,1.13,8.1,7.2,1.8,0.267,66.7,0.0,6.3,6.48
447,Paul Clemens,MIA,2,10.0,2,0,0.0,0.75,5.4,7.2,4.5,0.213,85.7,91.0,6.3,10.98
448,Tyler Wagner,ARI,3,10.0,0,0,0.0,3.5,6.3,1.8,0.0,0.298,81.8,89.9,1.8,2.42
449,Tyler Cravy,MIL,6,9.7,1,0,0.0,4.5,8.38,1.86,1.86,0.397,64.3,90.9,6.52,4.67
450,Jason Gurka,COL,6,9.7,0,0,0.0,3.5,6.52,1.86,0.93,0.425,47.1,90.3,9.31,3.74
451,Drew Hayes,CIN,6,9.7,0,0,0.0,1.33,7.45,5.59,2.79,0.384,66.7,91.3,8.38,7.5
452,Tim Melville,CIN,3,9.0,2,0,0.0,0.89,8.0,9.0,5.0,0.388,70.0,0.0,11.0,11.74
453,Anthony Swarzak,NYY,7,9.0,0,0,0.0,11.0,11.0,1.0,2.0,0.218,60.0,93.4,4.0,3.99
454,Tim Lincecum,LAA,2,9.0,2,1,50.0,1.0,4.0,4.0,1.0,0.319,71.4,88.1,5.0,5.13
455,Jason Grilli,TOR,10,8.7,0,0,0.0,3.5,14.54,4.15,1.04,0.401,81.8,92.0,3.12,2.9
456,Pat Venditte,TOR,8,8.7,0,0,0.0,1.75,7.27,4.15,1.04,0.364,71.4,84.1,5.19,4.52
457,Phil Klein,TEX,8,8.7,0,0,0.0,6.0,12.46,2.08,2.08,0.325,62.5,91.8,5.19,4.15
458,Luke Jackson,TEX,6,8.7,0,0,0.0,0.5,3.12,6.23,2.08,0.339,70.6,93.9,7.27,7.65
459,Chris Narveson,MIA,6,8.3,0,0,0.0,3.0,6.48,2.16,3.24,0.286,44.4,88.9,8.64,7.18
460,Yimi Garcia,LAD,9,8.3,0,0,0.0,4.0,4.32,1.08,0.0,0.316,70.0,92.8,3.24,2.61
461,Matt Thornton,SD,9,8.3,0,0,0.0,3.0,6.48,2.16,0.0,0.386,69.2,91.5,4.32,2.5
462,Ryan Garton,TB,7,8.0,0,0,0.0,2.67,9.0,3.38,0.0,0.43,78.6,92.3,3.38,2.36
463,Jake Petricka,CWS,9,8.0,0,0,0.0,0.88,7.88,9.0,1.13,0.31,80.0,94.2,4.5,6.18
464,David Goforth,MIL,7,7.7,0,0,0.0,2.33,8.22,3.52,2.35,0.381,50.0,92.7,9.39,5.98
465,Mike Dunn,MIA,11,7.7,0,0,0.0,2.0,9.39,4.7,2.35,0.306,90.0,93.0,3.52,6.12
466,Austin Adams,CLE,7,7.7,0,0,0.0,4.0,14.09,3.52,2.35,0.294,100.0,0.0,2.35,4.67
467,Sam Freeman,MIL,7,7.7,0,0,0.0,0.89,9.39,10.57,2.35,0.447,55.0,94.1,12.91,8.14
468,Neil Ramirez,CHC,8,7.7,0,0,0.0,1.25,11.74,9.39,1.17,0.256,75.0,92.0,4.7,5.52
469,Jacob Barnes,MIL,8,7.7,0,0,0.0,4.5,10.57,2.35,0.0,0.416,81.8,94.3,2.35,1.66
470,Brian Ellington,MIA,7,7.3,0,0,0.0,2.25,11.05,4.91,1.23,0.204,100.0,97.9,1.23,4.21
471,Mayckol Guaipe,SEA,5,7.3,0,0,0.0,1.25,6.14,4.91,0.0,0.338,66.7,92.4,4.91,3.53
472,Ryan O'Rourke,MIN,8,7.3,0,0,0.0,1.0,6.14,6.14,1.23,0.242,70.0,89.4,4.91,5.72
473,Neil Ramirez,MIN,4,7.0,0,0,0.0,2.0,7.71,3.86,1.29,0.267,87.5,92.0,2.57,4.67
474,Silvino Bracho,ARI,7,7.0,0,0,0.0,0.5,3.86,7.71,1.29,0.323,71.4,92.7,6.43,6.86
475,Luis Cessa,NYY,3,7.0,0,0,0.0,5.0,6.43,1.29,2.57,0.169,100.0,93.5,2.57,5.93
476,Keyvius Sampson,CIN,4,7.0,0,0,0.0,0.86,7.71,9.0,3.86,0.267,75.0,93.1,7.71,10.16
477,Edwin Escobar,ARI,2,7.0,2,0,0.0,1.0,3.86,3.86,1.29,0.455,41.2,91.8,14.14,5.53
478,Warwick Saupold,DET,5,6.7,0,0,0.0,2.67,10.8,4.05,0.0,0.546,50.0,91.9,10.8,2.2
479,Brian Duensing,BAL,7,6.7,0,0,0.0,1.5,4.05,2.7,2.7,0.307,77.8,91.7,5.4,7.13
480,Richard Bleier,NYY,6,6.7,0,0,0.0,0.0,2.7,0.0,0.0,0.349,66.7,89.5,4.05,2.6
481,Dayan Diaz,CIN,6,6.7,0,0,0.0,0.43,4.05,9.45,2.7,0.336,66.7,93.2,9.45,9.46
482,Enrique Burgos,ARI,7,6.7,0,0,0.0,1.0,5.4,5.4,1.35,0.288,50.0,93.6,8.1,5.81
483,Danny Farquhar,TB,7,6.3,0,0,0.0,3.0,8.53,2.84,4.26,0.297,100.0,91.7,4.26,8.44
484,Severino Gonzalez,PHI,5,6.3,0,0,0.0,8.0,11.37,1.42,1.42,0.289,80.0,93.4,2.84,3.22
485,Keone Kela,TEX,7,6.3,0,0,0.0,4.0,17.05,4.26,4.26,0.406,71.4,94.2,7.11,7.04
486,Javy Guerra,LAA,7,6.3,0,0,0.0,0.57,5.68,9.95,1.42,0.224,72.7,92.4,5.68,7.42
487,Phil Coke,NYY,3,6.0,0,0,0.0,0.25,1.5,6.0,1.5,0.274,70.0,92.5,6.0,7.1
488,Sean Gilmartin,NYM,3,6.0,0,0,0.0,5.0,7.5,1.5,0.0,0.201,100.0,87.2,0.0,2.05
489,Steven Okert,SF,7,6.0,0,0,0.0,2.0,9.0,4.5,1.5,0.391,70.0,92.5,6.0,4.92
490,Andrew Heaney,LAA,1,6.0,1,0,0.0,0.0,10.5,0.0,3.0,0.335,60.0,90.8,6.0,5.2
491,Chris Stratton,SF,5,6.0,0,0,0.0,2.5,7.5,3.0,1.5,0.296,85.7,92.1,3.0,4.73
492,Brian Matusz,BAL,7,6.0,0,0,0.0,0.14,1.5,10.5,4.5,0.334,66.7,89.3,12.0,12.98
493,Daniel Norris,DET,2,6.0,1,0,0.0,5.0,7.5,1.5,4.5,0.201,100.0,92.3,4.5,8.55
494,Wade LeBlanc,SEA,1,6.0,1,1,100.0,3.0,4.5,1.5,0.0,0.177,100.0,87.8,0.0,2.72
495,Andrew Faulkner,TEX,8,5.7,0,0,0.0,0.25,1.59,6.35,4.76,0.25,77.8,92.3,7.94,11.92
496,Roenis Elias,BOS,2,5.7,1,0,0.0,0.6,4.76,7.94,3.18,0.409,42.9,92.4,15.88,9.46
497,Leonel Campos,SD,4,5.7,0,0,0.0,1.17,11.12,9.53,0.0,0.358,54.5,92.9,7.94,4.01
498,Drew Hutchison,TOR,1,5.7,1,0,0.0,1.67,7.94,4.76,3.18,0.154,100.0,92.1,3.18,7.66
499,Dillon Overton,OAK,1,5.7,1,0,0.0,1.5,4.76,3.18,4.76,0.236,100.0,0.0,4.76,10.12
500,Odrisamer Despaigne,BAL,4,5.7,0,0,0.0,0.67,3.18,4.76,0.0,0.3,88.9,92.3,1.59,4.14
501,Mike Broadway,SF,4,5.3,0,0,0.0,4.0,6.75,1.69,3.38,0.388,37.5,93.3,11.81,7.16
502,Tyson Ross,SD,1,5.3,1,0,0.0,5.0,8.44,1.69,0.0,0.473,30.0,92.4,11.81,1.91
503,David Huff,LAA,2,5.3,2,0,0.0,1.5,5.06,3.38,6.75,0.428,72.7,90.7,11.81,12.99
504,Michael Ynoa,CWS,4,5.0,0,0,0.0,1.5,10.8,7.2,0.0,0.426,80.0,93.9,3.6,3.28
505,Chad Green,NYY,2,5.0,1,0,0.0,6.0,10.8,1.8,3.6,0.426,71.4,0.0,7.2,6.62
506,Chris Heston,SF,4,5.0,0,0,0.0,0.5,5.4,10.8,0.0,0.448,60.0,87.3,10.8,5.72
507,Erik Goeddel,NYM,4,4.7,0,0,0.0,3.0,5.79,1.93,0.0,0.164,100.0,91.3,0.0,2.58
508,Adrian Sampson,SEA,1,4.7,1,0,0.0,2.0,3.86,1.93,3.86,0.35,71.4,91.1,7.71,8.58
509,Bruce Rondon,DET,3,4.7,0,0,0.0,2.0,7.71,3.86,1.93,0.0,100.0,98.7,1.93,5.6
510,Ross Detwiler,CLE,7,4.7,0,0,0.0,0.75,5.79,7.71,1.93,0.164,66.7,90.9,5.79,7.36
511,Logan Kensing,DET,3,4.7,0,0,0.0,0.5,1.93,3.86,0.0,0.397,90.0,90.4,1.93,4.1
512,Ashur Tolliver,BAL,5,4.7,0,0,0.0,1.67,9.64,5.79,1.93,0.329,71.4,92.9,5.79,5.84
513,James Russell,PHI,7,4.3,0,0,0.0,0.8,8.31,10.38,4.15,0.46,41.7,89.6,18.69,10.93
514,Corey Knebel,MIL,5,4.3,0,0,0.0,1.0,12.46,12.46,0.0,0.491,66.7,93.9,8.31,4.72
515,Dario Alvarez,ATL,5,4.3,0,0,0.0,3.33,20.77,6.23,2.08,0.0,100.0,93.3,2.08,3.73
516,Ryan Merritt,CLE,1,4.3,0,0,0.0,0.0,4.15,0.0,0.0,0.089,100.0,87.9,0.0,2.28
517,Tommy Kahnle,CWS,5,4.3,0,0,0.0,0.4,4.15,10.38,0.0,0.37,72.7,97.2,6.23,5.85
518,Matt Buschmann,ARI,3,4.3,0,0,0.0,3.0,6.23,2.08,2.08,0.098,100.0,0.0,2.08,5.53
519,Aaron Loup,TOR,7,4.0,0,0,0.0,0.0,11.25,0.0,4.5,0.242,0.0,90.0,9.0,7.2
520,William Cuevas,BOS,2,4.0,0,0,0.0,0.4,4.5,11.25,0.0,0.301,77.8,90.1,4.5,6.08
521,Cody Martin,SEA,2,4.0,0,0,0.0,2.0,4.5,2.25,0.0,0.35,83.3,88.4,2.25,2.98
522,Nick Tepesch,LAD,1,4.0,1,0,0.0,0.0,6.75,0.0,2.25,0.42,33.3,87.1,11.25,4.95
523,Bobby Parnell,DET,4,3.7,0,0,0.0,0.75,7.36,9.82,0.0,0.353,62.5,94.1,7.36,4.95
524,Jhan Marinez,TB,3,3.7,0,0,0.0,0.0,7.36,0.0,2.45,0.12,100.0,94.7,2.45,5.11
525,Kyle Crockett,CLE,11,3.7,0,0,0.0,2.0,9.82,4.91,0.0,0.525,33.3,88.1,14.73,2.71
526,Alex Meyer,MIN,2,3.7,1,0,0.0,1.25,12.27,9.82,2.45,0.567,63.6,95.4,12.27,7.4
527,Anthony Ranaudo,TEX,2,3.7,0,0,0.0,0.25,4.91,19.64,2.45,0.107,33.3,0.0,17.18,12.42
528,Jorge Rondon,PIT,2,3.7,0,0,0.0,4.0,9.82,2.45,2.45,0.558,33.3,96.7,17.18,5.41
529,Oliver Drake,BAL,2,3.3,0,0,0.0,1.0,8.1,8.1,0.0,0.0,100.0,90.7,0.0,4.19
530,Spencer Patton,CHC,3,3.3,0,0,0.0,1.5,8.1,5.4,0.0,0.319,60.0,92.5,5.4,3.26
531,Ryan Tepera,TOR,4,3.3,0,0,0.0,0.67,5.4,8.1,0.0,0.403,62.5,95.5,8.1,4.79
532,Sergio Romo,SF,4,3.3,0,0,0.0,1.0,2.7,2.7,2.7,0.0,100.0,85.6,2.7,7.43
533,Cody Ege,MIA,5,3.0,0,0,0.0,1.0,6.0,6.0,3.0,0.52,66.7,84.2,12.0,8.27
534,Nefi Ogando,MIA,3,3.0,0,0,0.0,2.0,6.0,3.0,0.0,0.236,66.7,95.7,3.0,2.9
535,Luis Garcia,PHI,2,3.0,0,0,0.0,0.5,3.0,6.0,0.0,0.287,60.0,96.5,6.0,4.6
536,Dominic Leone,ARI,3,3.0,0,0,0.0,1.0,6.0,6.0,6.0,0.436,71.4,92.8,12.0,12.6
537,Kendry Flores,MIA,1,3.0,1,0,0.0,0.33,3.0,9.0,0.0,0.118,100.0,91.2,0.0,5.63
538,Keith Hessler,ARI,2,3.0,0,0,0.0,1.0,6.0,6.0,0.0,0.436,57.1,91.1,9.0,3.93
539,Keith Hessler,SD,2,3.0,0,0,0.0,1.0,6.0,6.0,6.0,0.436,28.6,91.1,21.0,12.6
540,Cody Hall,MIA,2,3.0,0,0,0.0,1.0,9.0,9.0,3.0,0.355,50.0,93.0,12.0,8.63
